Title,ASIN,Price,product_url
"WaterWipes Baby Wipes Sensitive Skin, 12 packs x 60 wipes (720 wipes)",B008J2MZL8,£25.33,https://www.amazon.co.uk/WaterWipes-Wipes-Sensitive-packs-wipes/dp/B008J2MZL8
CB12 Mint Menthol Mouthwash 250ml,100 Grams,£5.50,https://www.amazon.co.uk/CB12-Mint-Menthol-Mouthwash-250ml/dp/B00A2L3WUW
"E45 Dermatological Moisturising Cream Tub, 500 g",100 Grams,£9.89,https://www.amazon.co.uk/E45-Dermatological-Moisturising-Cream-Tub/dp/B004AV1J2S
Wellman Vitabiotics Original - 30 Tablets,100 Grams,£5.50,https://www.amazon.co.uk/Wellman-Vitabiotics-Original-30-Tablets/dp/B000LNHAZY
Floradix Liquid Iron Formula 500ML,"100 ml, 100 Grams",£16.19,https://www.amazon.co.uk/Floradix-Liquid-Iron-Formula-500ML/dp/B000Z971W6
Calpol Vapour Plug and Nightlight with 3 Refills,B078GXC9GX,£6.00,https://www.amazon.co.uk/Calpol-Vapour-Plug-Nightlight-Refills/dp/B078GXC9GX
"Regaine for Men Extra Strength Hair Regrowth Solution, 60 ml",B00BB87030,£22.71,https://www.amazon.co.uk/Regaine-Extra-Strength-Regrowth-Solution/dp/B00BB87030
"OPTIBAC Live Cultures For Every Day, Pack of 90 Capsules",B00GY8E05I,£23.76,https://www.amazon.co.uk/OPTIBAC-Live-Cultures-Every-Capsules/dp/B00GY8E05I
Nelsons Homeopathic Indicated Arnica 30c - 84 Pillules, If pregnant or breastfeeding consult your doctor before use. ,£4.54,https://www.amazon.co.uk/Nelsons-Homeopathic-Indicated-Arnica-30c/dp/B002R5HH98
RESCUE Remedy Dropper 20ml," Keep in a cool, dry place. ",£6.60,https://www.amazon.co.uk/Nelsons-106774856-RESCUE-Remedy-Dropper/dp/B000RFTCZW
Driclor Solution Roll On Applicator 20ml,100 Grams,£5.77,https://www.amazon.co.uk/Driclor-Solution-Roll-Applicator-20ml/dp/B008R7BT5S
"Calpol Vapour Plug Refills, Pack of 5",B079KZ3XNY,£5.00,https://www.amazon.co.uk/Calpol-Vapour-Plug-Refills-Pack/dp/B079KZ3XNY
"Vitabiotics Pregnacare Plus Tablets, 56 Tablets",100 Grams,£9.35,https://www.amazon.co.uk/Vitabiotics-Pregnacare-Plus-Tablets-56/dp/B000UX89AA
Berocca Orange Energy Vitamin - 45 Tablets,100 Grams,£9.00,https://www.amazon.co.uk/Berocca-Orange-Energy-Vitamin-Tablets/dp/B004A8UID2
"Nicotinell Nicotine Lozenges, Stop Smoking Aid, 1 mg, Sugar Free, Mint, 96-Pieces",100 Grams,£9.75,https://www.amazon.co.uk/Nicotinell-Nicotine-Lozenges-Smoking-96-Pieces/dp/B001DZBMWQ
SIX PACKS of Calpol Vapour Plug In Refills 5 Refills,B019FI9UTO,£26.99,https://www.amazon.co.uk/PACKS-Calpol-Vapour-Plug-Refills/dp/B019FI9UTO
XLS Medical Appetite Reducer Diet Pills - Pack of 60,B014H54CUW,£14.00,https://www.amazon.co.uk/XLS-Medical-Appetite-Reducer-Pills/dp/B014H54CUW
Flexiseq Gel 50 g,B00ECZBXHS,£15.99,https://www.amazon.co.uk/FLEXISEQ-108034456-Flexiseq-Gel-50/dp/B00ECZBXHS
Neutrogena Visibly Clear Light Therapy Activator,B01MU9ML3G,£10.89,https://www.amazon.co.uk/Neutrogena-Visibly-Clear-Therapy-Activator/dp/B01MU9ML3G
Snufflebabe Vapour Rub Congestion Relief  From The Upper Respiratory Tract - 24g,B000LNEAYI,£4.37,https://www.amazon.co.uk/Snufflebabe-Vapour-Congestion-Relief-Respiratory/dp/B000LNEAYI
Vitabiotics Pregnacare New Mum - 56 Tablets,B007PDS96W,£10.95,https://www.amazon.co.uk/Vitabiotics-Pregnacare-New-Mum-Tablets/dp/B007PDS96W
Nicorette QuickMist Mouthspray Duo,B009RP6UEE,£21.00,https://www.amazon.co.uk/Nicorette-QuickMist-Mouthspray-Duo/dp/B009RP6UEE
"Durex Invisible Extra Sensitive Condoms, Pack of 12",B019XGCSBU,£12.00,https://www.amazon.co.uk/Durex-Invisible-Extra-Sensitive-Condoms/dp/B019XGCSBU
Eucerin Dry Skin Face Cream 50ml,100 Grams,£7.99,https://www.amazon.co.uk/Eucerin-Skin-Face-Cream-50ml/dp/B000KU93GM
CB12 250ML 3 PACK Mint / Menthol Mouthwash,B00R8C68NG,£17.15,https://www.amazon.co.uk/CB12-250ML-PACK-Menthol-Mouthwash/dp/B00R8C68NG
RESCUE Night Spray 20ml, Do not store above 25°C.,£6.69,https://www.amazon.co.uk/Nelsons-Rescue-Night-3000871-RESCUE/dp/B001EIQ5FQ
Poxclin Cool Mousse for Children with Chickenpox 100ml,100 Grams,£10.74,https://www.amazon.co.uk/Poxclin-Mousse-Children-Chickenpox-100ml/dp/B003HCCB8M
"Nicotinell Nicotine Lozenges, Stop Smoking Aid, 2 mg, Sugar Free, Mint, 96-Pieces",100 Grams,£9.75,https://www.amazon.co.uk/Nicotinell-Nicotine-Lozenges-Smoking-96-Pieces/dp/B001DZBMX0
Imedeen Prime Renewal 120 Tablets,B00EO95G48,£37.90,https://www.amazon.co.uk/Imedeen-Prime-Renewal-120-Tablets/dp/B00EO95G48
A. Vogel (previously Bioforce) Echinaforce Sore Throat Spray 30ml,B002ABVCZO,£9.66,https://www.amazon.co.uk/Vogel-previously-Bioforce-Echinaforce-Throat/dp/B002ABVCZO
Viviscal - Gorgeous Growth Densifying Conditioner,B01CCK1AWM,£9.99,https://www.amazon.co.uk/Viviscal-Gorgeous-Growth-Densifying-Conditioner/dp/B01CCK1AWM
Gentle Action Colax Tablets 60,B006GB1X8K,£6.43,https://www.amazon.co.uk/Gentle-Action-Colax-Tablets-60/dp/B006GB1X8K
"Durex Play Massage 2-in-1 Soothing Lube, 200 ml",B003IB4BBC,£7.00,https://www.amazon.co.uk/Durex-Play-Massage-Soothing-Lube/dp/B003IB4BBC
RESCUE Liquid Melts 28 capsules,100 Grams,£5.68,https://www.amazon.co.uk/RESCUE-Liquid-Melts-28-capsules/dp/B008RLSHX6
THREE PACKS of Macushield 90 Capsules,B008FRJMQS,£78.94,https://www.amazon.co.uk/THREE-PACKS-Macushield-90-Capsules/dp/B008FRJMQS
"Bio-Kult Advanced Multi-Strain Formula Capsules, Pack of 2, 240-Count",B071RG4KQN,£45.20,https://www.amazon.co.uk/Bio-Kult-Advanced-Multi-Strain-Capsules-240-Count/dp/B071RG4KQN
Multibuy 2x Hibiscrub® Cutaneous Solution - 500ml,B01C2WD6RC,£12.10,https://www.amazon.co.uk/Multibuy-2x-Hibiscrub%C2%AE-Cutaneous-Solution/dp/B01C2WD6RC
Nourkrin Man 180 Tablets (3 Month Supply),B00EAOWUKA,£75.37,https://www.amazon.co.uk/Nourkrin-Man-Tablets-Month-Supply/dp/B00EAOWUKA
(2 Pack) - Floradix - Floradix Liquid Iron Formula | 500ml | 2 PACK BUNDLE,B015G4X1DC,£29.53,https://www.amazon.co.uk/Pack-Floradix-Liquid-Formula-BUNDLE/dp/B015G4X1DC
Viviscal - Gorgeous Growth Densifying Elixir,B01B81JSQG,£14.99,https://www.amazon.co.uk/Viviscal-Gorgeous-Growth-Densifying-Elixir/dp/B01B81JSQG
"Molnlycke Healthcare Hibiscrub, 5 Litre",B009UVZM6C,£39.89,https://www.amazon.co.uk/Molnlycke-Healthcare-Hibiscrub-5-Litre/dp/B009UVZM6C
Imedeen Time Perfection - 120 tablets,B00625F9S0,£48.69,https://www.amazon.co.uk/Imedeen-Time-Perfection-120-tablets/dp/B00625F9S0
Vitabiotics | Perfectil Plus Tablets & Capsules | 1 x 28+28s,100 Grams,£11.50,https://www.amazon.co.uk/Vitabiotics-Perfectil-Plus-Tablets-Capsules/dp/B001FFLPYE
CB12 250ML 4 PACK MILD MINT Safe Breath Oral Care Agent,B00K2281CU,£21.04,https://www.amazon.co.uk/CB12-250ML-PACK-Breath-Agent/dp/B00K2281CU
Infacol 50 ml Colic Relief Drops,B004G92APY,£5.09,https://www.amazon.co.uk/Infacol-50-Colic-Relief-Drops/dp/B004G92APY
Revive Active Health Food Supplement - 30 Day Supply,13 Grams,£35.99,https://www.amazon.co.uk/Revive-Active-Health-Food-Supplement/dp/B00KCY1OAO
Nicorette Quickmist 2x150ml {Pack Of 3},B00ABGEZ2M,£63.07,https://www.amazon.co.uk/Nicorette-Quickmist-2x150ml-Pack-3/dp/B00ABGEZ2M
RESCUE Pastilles Orange and Elderflower 50g, May contains traces of gluten. ,£4.18,https://www.amazon.co.uk/RESCUE-Pastilles-Orange-Elderflower-50g/dp/B002AEFGOO
Viviscal - Hair Growth Supplements For Men(1 month supply) 60 tablets,B001E1OTJ2,£32.33,https://www.amazon.co.uk/Viviscal-Growth-Supplements-supply-tablets/dp/B001E1OTJ2
Regaine Foam For Men- 1 month supply,B005NH2CCY,£25.50,https://www.amazon.co.uk/Regaine-Foam-Men-month-supply/dp/B005NH2CCY
Salin Plus Salt Therapy Air Purifier (Replacement Filter),B00TFCMJM6,£36.34,https://www.amazon.co.uk/Salin-Therapy-Purifier-Replacement-Filter/dp/B00TFCMJM6
Berocca Orange Energy Vitamin Fizzy Melts Tablets,B06Y5S5H2T,£6.50,https://www.amazon.co.uk/Berocca-Orange-Energy-Vitamin-Tablets/dp/B06Y5S5H2T
"E45 Dermatological Moisturising Lotion, 200 ml",100 Grams,£3.00,https://www.amazon.co.uk/E45-Dermatological-Moisturising-Lotion-200/dp/B00127X15G
"Nicotinell Stop Smoking Aid 24 hour 7 days Nicotine Patches, 7 mg, Step 3",B001E5CDTG,£8.75,https://www.amazon.co.uk/Nicotinell-Stop-Smoking-Nicotine-Patches/dp/B001E5CDTG
Zenflore by PrecisionBiotics | 30 Capsules (1-month supply) | The unique 1714-Serenitas culture in Zenflore has been clinically studied in people with everyday stress and shown to reduce the level of our stress hormone.(3),B07CMKN85F,£28.50,https://www.amazon.co.uk/Zenflore-PrecisionBiotics-Capsules-1714-Serenitas-clinically/dp/B07CMKN85F
SEBIUM H2O 250ML,B00D10IR1K,£6.89,https://www.amazon.co.uk/Bioderma-28641X-Parent-SEBIUM-H2O-250ML/dp/B00D10IR1K
Vitabiotics Jointace Original - 90 Tablets,100 Grams,£23.54,https://www.amazon.co.uk/Vitabiotics-Jointace-Original-90-Tablets/dp/B0013GNLS8
Neutrogena T/Gel Anti-Dandruff Shampoo for Greasy Hair 125ml,B000VJS8RM,£4.36,https://www.amazon.co.uk/Neutrogena-Anti-Dandruff-Shampoo-Greasy-125ml/dp/B000VJS8RM
Atoderm by Bioderma Creme: Nourishing Cream with Pump 500ml,B00CHLDA1G,£15.20,https://www.amazon.co.uk/Atoderm-Bioderma-Creme-Nourishing-Cream/dp/B00CHLDA1G
CB12 100ML 2 PACK Mint / Strong Toothpaste NEW,B00WIK2BI4,£9.80,https://www.amazon.co.uk/CB12-100ML-PACK-Strong-Toothpaste/dp/B00WIK2BI4
Durex Extra Safe Condoms (6),B00J4K0VK6,£4.79,https://www.amazon.co.uk/Durex-Extra-Safe-Condoms-6/dp/B00J4K0VK6
Salin Plus Salt Therapy Air Purifier,B003PLAARY,£108.00,https://www.amazon.co.uk/Salin-Plus-Salt-Therapy-Purifier/dp/B003PLAARY
Nourkrin Man 60 Tablets (1 Month Supply),B00A7QSDDI,£18.49,https://www.amazon.co.uk/Nourkrin-Man-Tablets-Month-Supply/dp/B00A7QSDDI
Colgate Plax Pepperment Flavour Mouthwash 500 Milliliter x 3,B01HF647D2,£13.39,https://www.amazon.co.uk/Colgate-Plax-Pepperment-Mouthwash-Milliliter/dp/B01HF647D2
La Roche-Posay Anthelios XL Ultra Light Spray - SPF 30 (200ml),B016INR3BG,£17.25,https://www.amazon.co.uk/Roche-Posay-Anthelios-Ultra-Light-Spray/dp/B016INR3BG
Neutrogena T/Gel 2in1 Shampoo Plus Conditioner - 125 ml,B00J68N5OU,£5.08,https://www.amazon.co.uk/Neutrogena-2in1-Shampoo-Plus-Conditioner/dp/B00J68N5OU
Sensibio Eye Contour Gel (For Sensitive Intolerant Skin) 15ml/0.5oz,B001PLXLU4,£13.80,https://www.amazon.co.uk/Sensibio-Contour-Sensitive-Intolerant-0-5oz/dp/B001PLXLU4
TRESemme Smooth Salon Silk Shampoo - 500 ml,B00D3LJTQE,£3.89,https://www.amazon.co.uk/TRESemme-Smooth-Salon-Silk-Shampoo/dp/B00D3LJTQE
Anthelios Dermo-Pediatrics Gel Wet Skin SPF 50 250 ml La Roche Posay,B01MRWDRLS,£19.89,https://www.amazon.co.uk/Anthelios-Dermo-Pediatrics-50-250-Roche-Posay/dp/B01MRWDRLS
Pro Bono 100 g Flexiseq Active Gel,B01FY1OVV8,£20.99,https://www.amazon.co.uk/Pro-Bono-100-Flexiseq-Active/dp/B01FY1OVV8
CB12 Oral Spray Without Alcohol Mint 15ml,B0762GJ16R,£3.66,https://www.amazon.co.uk/CB12-Oral-Spray-Without-Alcohol/dp/B0762GJ16R
Mentholatum Deep Heat bath tonic 350ml,B001ACQZYM,£6.50,https://www.amazon.co.uk/Mentholatum-Deep-Heat-tonic-350ml/dp/B001ACQZYM
Germolene Antiseptic Cream With Local Anaesthetic For All The Family - 55g,B000KUAK1O,£3.99,https://www.amazon.co.uk/Germolene-Antiseptic-Cream-Anaesthetic-Family/dp/B000KUAK1O
Bioderma Sensibio Light Soothing Cream 40ml,B01I4OT18K,£10.75,https://www.amazon.co.uk/Bioderma-Sensibio-Light-Soothing-Cream/dp/B01I4OT18K
Viviscal Capillary Shampoo – 250 ml,B01M4IUJV0,£11.77,https://www.amazon.co.uk/Viviscal-V-MAN-SH3-250-Capillary-Shampoo-250-ml/dp/B01M4IUJV0
L'Oreal Studio Line Hot Straight Spray 200 ml,B00694NHZG,£10.40,https://www.amazon.co.uk/LOreal-Studio-Line-Straight-Spray/dp/B00694NHZG
DERMAH2O DermaH20 Water Wipes -Worlds Purest Baby Wipes 60s (pack of 6),B00EUBQ4CS,£16.19,https://www.amazon.co.uk/DERMAH2O-DermaH20-Water-Worlds-Purest/dp/B00EUBQ4CS
"Bioderma Sensibio Rich Soothing Moisturising Cream, 40 ml",B0036SFTKY,£10.75,https://www.amazon.co.uk/Bioderma-Sensibio-Soothing-Moisturising-Cream/dp/B0036SFTKY
Vaseline Petroleum Jelly (No.3) 250ml,B001PMQ0LK,£5.26,https://www.amazon.co.uk/Vaseline-Petroleum-Jelly-No-3-250ml/dp/B001PMQ0LK
"Prevalin Allergy Kids Nasal Spray - 20 ml, 280 Doses",100 Grams,£9.92,https://www.amazon.co.uk/Prevalin-Allergy-Kids-Nasal-Spray/dp/B007ZOAULI
CB12 250ML 4 PACK Mint / Menthol Mouthwash,B00IECLYHO,£21.04,https://www.amazon.co.uk/CB12-250ML-PACK-Menthol-Mouthwash/dp/B00IECLYHO
Mediskin Small Latex Glove Powder Free,B00GML1STI,£6.45,https://www.amazon.co.uk/Mediskin-Small-Latex-Glove-Powder/dp/B00GML1STI
VIVISCAL MAN HAIR NOURISHMENT TABLETS - 60 TABS,15.2 x 12.7 x 10.2 cm,£43.98,https://www.amazon.co.uk/VIVISCAL-MAN-HAIR-NOURISHMENT-TABLETS/dp/B002JPJ30M
L'Oréal Paris Age Perfect Cell Renew Day Cream (50ml),B00MY54EVA,£13.93,https://www.amazon.co.uk/LOr%C3%A9al-Paris-Perfect-Renew-Cream/dp/B00MY54EVA
Berocca® Boost Sugar Free With Guarana - 30 Effervescent Tablets,B00ZFF6Q0I,£13.89,https://www.amazon.co.uk/Berocca%C2%AE-Boost-Sugar-Free-Guarana/dp/B00ZFF6Q0I
Multibuy 3x Aveeno® Ultra-calming Anti Redness Cream SPF20 - 50ml,B015N9GAS8,£31.99,https://www.amazon.co.uk/Multibuy-Aveeno%C2%AE-Ultra-calming-Redness-Cream/dp/B015N9GAS8
(Pack Of 6) Bio-kult - BioKult 120caps - (120caps),B00TA43L2G,£142.70,https://www.amazon.co.uk/Pack-Bio-kult-BioKult-120caps/dp/B00TA43L2G
Berocca Vitamin B Orange Effervescent 15 Tablets by Berocca,B01CZ5A2QY,£6.14,https://www.amazon.co.uk/Berocca-Vitamin-Orange-Effervescent-15-Tablets/dp/B01CZ5A2QY
Durex Pleasure Me Condoms - 6-Piece,B00WIFS7WI,£4.95,https://www.amazon.co.uk/Durex-Pleasure-Me-Condoms-6-Piece/dp/B00WIFS7WI
CB12 250ML 2 PACK MILD MINT Safe Breath Oral Care Agen,B00K2241XI,£11.99,https://www.amazon.co.uk/CB12-250ML-PACK-MILD-Breath/dp/B00K2241XI
CB12 Mint Menthol 250ML,B01ADENMES,£14.00,https://www.amazon.co.uk/Meda-0570-5000-CB12-Menthol-250ML/dp/B01ADENMES
Imedeen Derma One 60 Tablets,B008FB6F1Y,£18.00,https://www.amazon.co.uk/Imedeen-Derma-One-60-Tablets/dp/B008FB6F1Y
Bioderma Atoderm Cream 200ml,B0025YVBG6,£8.80,https://www.amazon.co.uk/Bioderma-3401399458835-Atoderm-Cream-200ml/dp/B0025YVBG6
"3 X Hibiscrub Health Care, 500 ml",B015JEY796,£18.98,https://www.amazon.co.uk/Hibiscrub-Health-Care-500/dp/B015JEY796
1 Pack of Macushield MacuShield Capsules 30 Capsule,B013O6JKD4,£18.00,https://www.amazon.co.uk/Pack-Macushield-MacuShield-Capsules-Capsule/dp/B013O6JKD4
Nourkrin Radiance 30 Tablets  (1 Month Supply),B00NIV7IYY,£28.54,https://www.amazon.co.uk/Nourkrin-Radiance-Tablets-Month-Supply/dp/B00NIV7IYY
Bio Kult Infantis 16 Satchets (Pack of 2),B01HF1FW8Q,£22.85,https://www.amazon.co.uk/Bio-Kult-Infantis-Satchets-Pack/dp/B01HF1FW8Q
Nicotinell Regular Strength Nicotine Gum Mint Flavour 96 pieces,B0045X86BI,£14.38,https://www.amazon.co.uk/Nicotinell-Regular-Strength-Nicotine-Flavour/dp/B0045X86BI
Pharma Nord Bio-Glucosamine Mega - Pack of 60 Tablets,B0028OJ26Y,£10.00,https://www.amazon.co.uk/Pharma-Nord-Bio-Glucosamine-Mega-Tablets/dp/B0028OJ26Y
"3 x Imedeen Derma One (classic), 360's 6 months supply. Age 30+…",B00CPMVP5K,£151.00,https://www.amazon.co.uk/Imedeen-Derma-classic-months-supply/dp/B00CPMVP5K
(3 PACK) - Floradix - Floradix Liquid Iron Formula | 500ml | 3 PACK BUNDLE,100 ml,£39.15,https://www.amazon.co.uk/PACK-Floradix-Liquid-Formula-BUNDLE/dp/B00V6HR3S8
"SASMAR Original Silicone Personal Lubricant + Massage Gel, 60ml",B00FBFJORY,£8.06,https://www.amazon.co.uk/SASMAR-Original-Silicone-Personal-Lubricant/dp/B00FBFJORY
La Roche Posay Anthelios Dermo-Pediatrics Solar Milk SPF50-300 gr,B007OYEBLO,£17.50,https://www.amazon.co.uk/Roche-Posay-Anthelios-Dermo-Pediatrics-SPF50-300/dp/B007OYEBLO
"Radox Radox Feel Invigorated Shower Gel 250ml, 250ml",B00PG2BMYU,£5.10,https://www.amazon.co.uk/Radox-Feel-Invigorated-Shower-250ml/dp/B00PG2BMYU
MACUSHIELD EYE HEALTH SOFT GELS 360 CAPS 1 YEARS SUPPLY,B009DH2R3Y,£107.49,https://www.amazon.co.uk/MACUSHIELD-HEALTH-SOFT-YEARS-SUPPLY/dp/B009DH2R3Y
Berocca Fizzy Melts - 14 Tablets - 6 Pack,B07GL5YC49,£45.00,https://www.amazon.co.uk/Berocca-Fizzy-Melts-Tablets-Pack/dp/B07GL5YC49
Parasol One Application a Day Sun Care 25+ 100ml,B00XJZXS98,£15.50,https://www.amazon.co.uk/Parasol-One-Application-Care-100ml/dp/B00XJZXS98
"6 x Imedeen Prime Renewal, 6 months suplly, 720 tablets. Age 50+",B00TPUR932,£251.18,https://www.amazon.co.uk/Imedeen-Renewal-months-suplly-tablets/dp/B00TPUR932
Carefree Plus Large Wider Fresh For Longer Slip Insert – Extra Protection Against Leaks 5 x Pack of 48,B01K77V7XE,£17.48,https://www.amazon.co.uk/Carefree-Longer-Insert-Protection-Against/dp/B01K77V7XE
Vichy Ideal Soleil Fresh Water Sun Protection Spf30 200ml,B07B4JZVDV,£23.99,https://www.amazon.co.uk/Vichy-Ideal-Soleil-Fresh-Protection/dp/B07B4JZVDV
(2 Pack) - Macushield - MacuShield Capsules | 30's | 2 PACK BUNDLE,B00URRK4CA,£35.47,https://www.amazon.co.uk/Pack-Macushield-MacuShield-Capsules-BUNDLE/dp/B00URRK4CA
(6 PACK) - Floradix - Floradix Liquid Iron Formula | 500ml | 6 PACK BUNDLE,B016IVTSES,£91.70,https://www.amazon.co.uk/PACK-Floradix-Liquid-Formula-BUNDLE/dp/B016IVTSES
Viviscal Maximum Strength Tablets,B01IF2Q0M6,£42.00,https://www.amazon.co.uk/Viviscal-Maximum-Strength-Tablets/dp/B01IF2Q0M6
CB12 250ML 6 PACK MILD MINT Safe Breath Oral Care Agent,B00K22EFO8,£31.17,https://www.amazon.co.uk/CB12-250ML-PACK-Breath-Agent/dp/B00K22EFO8
0 IMEDEEN Derma One 120 Tablets,B008G0QSJS,£59.99,https://www.amazon.co.uk/IMEDEEN-Derma-One-120-Tablets/dp/B008G0QSJS
"CB12 Spray 6 pack, 15ml x 6",B07BB1N5QM,£27.14,https://www.amazon.co.uk/CB12-Spray-pack-15ml/dp/B07BB1N5QM
Parasol Extreme Durability Sun Care 10+ 100ml,B004RPFM7U,£14.91,https://www.amazon.co.uk/Parasol-Extreme-Durability-Care-100ml/dp/B004RPFM7U
ThinkKrill Joints,B00CXUXWD2,£13.95,https://www.amazon.co.uk/Thinkkrill-ThinkKrill-Joints/dp/B00CXUXWD2
Parasol One Application a Day Sun Care 15+ 100ml,B003M5AO0Q,£16.50,https://www.amazon.co.uk/Parasol-One-Application-Care-100ml/dp/B003M5AO0Q
Dimples Hot Wax Mug,B00556RV7E,£3.98,https://www.amazon.co.uk/Dimples-Hot-Wax-Mug/dp/B00556RV7E
(4 PACK) - Macushield - MacuShield Capsules | 30's | 4 PACK BUNDLE,B00V6HRSRE,£64.98,https://www.amazon.co.uk/PACK-Macushield-MacuShield-Capsules-BUNDLE/dp/B00V6HRSRE
Johnsons Baby Bath 300ml,B005UMABW0,£3.89,https://www.amazon.co.uk/JOHNSON-LTD-Johnsons-Baby-300ml/dp/B005UMABW0
MacuShield Food Supplement 90 Tablets,B01HZX0PE0,£31.00,https://www.amazon.co.uk/MacuShield-Food-Supplement-90-Tablets/dp/B01HZX0PE0
Alflorex Precison Biotics Capsules - 60 Capsules - 2 Pack,B07GL39HWH,£200.96,https://www.amazon.co.uk/Alflorex-Precison-Biotics-Capsules-Pack/dp/B07GL39HWH
Berocca Fizzy Melts - 14 Tablets - 2 Pack,B07GL18G5M,£19.00,https://www.amazon.co.uk/Berocca-Fizzy-Melts-Tablets-Pack/dp/B07GL18G5M
Alflorex Precison Biotics Capsules - 30 Capsules - 6 Pack,B07GL2XR56,£330.38,https://www.amazon.co.uk/Alflorex-Precison-Biotics-Capsules-Pack/dp/B07GL2XR56
Alflorex Precison Biotics Capsules - 30 Capsules - 2 Pack,B07GL5K5HN,£110.46,https://www.amazon.co.uk/Alflorex-Precison-Biotics-Capsules-Pack/dp/B07GL5K5HN
Berocca Fizzy Melts - 14 Tablets - 4 Pack,B07GL4STFM,£35.00,https://www.amazon.co.uk/Berocca-Fizzy-Melts-Tablets-Pack/dp/B07GL4STFM
MacuShield - 90 Capsules - 6 Pack,B07GL3Q5JN,£550.38,https://www.amazon.co.uk/MacuShield-90-Capsules-6-Pack/dp/B07GL3Q5JN
Alflorex Precison Biotics Capsules - 60 Capsules - 6 Pack,B07GLGW8QC,£547.88,https://www.amazon.co.uk/Alflorex-Precison-Biotics-Capsules-Pack/dp/B07GLGW8QC
Alflorex Precison Biotics Capsules - 60 Capsules - 4 Pack,B07GLFX6WR,£401.92,https://www.amazon.co.uk/Alflorex-Precison-Biotics-Capsules-Pack/dp/B07GLFX6WR
"Nicotinell Cool Mint Gum, Stop Smoking Aid, 2 mg, Suger Free Low Strengh, 96-Pieces",B07HP7T22X,£20.00,https://www.amazon.co.uk/Nicotinell-Smoking-Suger-Strengh-96-Pieces/dp/B07HP7T22X
Alflorex Precison Biotics Capsules - 30 Capsules - 4 Pack,B07GLJ23LV,£129.92,https://www.amazon.co.uk/Alflorex-Precison-Biotics-Capsules-Pack/dp/B07GLJ23LV
(4 PACK) - Protexin - Bio-Kult | 120's | 4 PACK BUNDLE,B00V6Q8YZ0,£111.14,https://www.amazon.co.uk/PACK-Protexin-Bio-Kult-120s-BUNDLE/dp/B00V6Q8YZ0
CaldeBaby Teething Gel 10ml,B00WIOOMS2,£3.00,https://www.amazon.co.uk/CaldeBaby-Teething-Gel-10ml/dp/B00WIOOMS2
(6 PACK) - Macushield - MacuShield Capsules | 30's | 6 PACK BUNDLE,B016IWB2VE,£90.47,https://www.amazon.co.uk/PACK-Macushield-MacuShield-Capsules-BUNDLE/dp/B016IWB2VE
xls-médico Fat Binder 10 Days Of Test Package of 60 per Package,B01ITPWM8U,£20.00,https://www.amazon.co.uk/xls-m%C3%A9dico-Binder-10-Days-Test-Package/dp/B01ITPWM8U
Viviscal Densifying Conditioner 250 ml,B01M7OYL62,£12.00,https://www.amazon.co.uk/Viviscal-Densifying-Conditioner-250-ml/dp/B01M7OYL62
Frequently Bought Together - Bio-Kult Bio-Kult Infantis - 16 Sachets 16 x 1g sachets + Bio-Kult Bio-Kult - Advanced Multi-Strain Formula - 120 Capsules 120 + Pure Black Moroccan Soap Sample,B01MECT0T5,£48.99,https://www.amazon.co.uk/Frequently-Bought-Together-Bio-Kult-Multi-Strain/dp/B01MECT0T5
Listerine Total Care | Antibacterial mouthwash with 6-fold effect | For more comprehensive oral hygiene | 3-pack (3 x 500 ml),B06ZZHCVYX,£21.95,https://www.amazon.co.uk/Listerine-Antibacterial-mouthwash-comprehensive-hygiene/dp/B06ZZHCVYX
NEUTROGENA Visibly Clear Máscara de Fototerapia Anti acné,B075FZVB3F,£46.35,https://www.amazon.co.uk/NEUTROGENA-Visibly-Clear-M%C3%A1scara-Fototerapia/dp/B075FZVB3F
Imedeen 60 COMP TIME PERFECTION PFIZER,B00M75CAUY,£39.20,https://www.amazon.co.uk/Imedeen-COMP-TIME-PERFECTION-PFIZER/dp/B00M75CAUY
15 x Cb12 Mint/Menthol 250ml (Blue),B00MAIW15M,£72.59,https://www.amazon.co.uk/Cb12-Mint-Menthol-250ml-Blue/dp/B00MAIW15M
(12 PACK) - ThinkKrill - Thinkkrill Joints | 30's | 12 PACK BUNDLE,B00V6HS8LE,£190.00,https://www.amazon.co.uk/12-PACK-ThinkKrill-Thinkkrill-Joints/dp/B00V6HS8LE
(6 PACK) - Macushield - MacuShield Capsules MCU-MCU1090 | 90's | 6 PACK BUNDLE,B00V6HS634,£131.98,https://www.amazon.co.uk/PACK-Macushield-MacuShield-Capsules-MCU-MCU1090/dp/B00V6HS634
(12 PACK) - Macushield - MacuShield Capsules | 30's | 12 PACK BUNDLE,B015G53ZUU,£181.96,https://www.amazon.co.uk/12-PACK-Macushield-MacuShield-Capsules/dp/B015G53ZUU
(2 Pack) - Macushield - MacuShield Capsules MCU-MCU1090 | 90's | 2 Pack Bundle,B00URRK66O,£53.00,https://www.amazon.co.uk/Pack-Macushield-MacuShield-Capsules-MCU-MCU1090/dp/B00URRK66O
(10 PACK) - Macushield - MacuShield Capsules MCU-MCU1090 | 90's | 10 PACK BUNDLE,B015G5430Q,£209.32,https://www.amazon.co.uk/10-PACK-Macushield-MacuShield-MCU-MCU1090/dp/B015G5430Q
(12 PACK) - Macushield - MacuShield Capsules MCU-MCU1090 | 90's | 12 PACK BUNDLE,B015G545HW,£247.98,https://www.amazon.co.uk/12-PACK-Macushield-MacuShield-MCU-MCU1090/dp/B015G545HW
Kelkin Effervescent Vitamin C 20 Tablets 1000mg,B016BWO15U,£3.00,https://www.amazon.co.uk/Kelkin-Effervescent-Vitamin-Tablets-1000mg/dp/B016BWO15U
Berocca Performancy 30 Effervescent Tablets,B016C7S8E4,£15.00,https://www.amazon.co.uk/Berocca-Performancy-30-Effervescent-Tablets/dp/B016C7S8E4
Berocca Performance 15 Effervescent Orange Flavoured Tablets,B016C7EXSO,£7.50,https://www.amazon.co.uk/Berocca-Performance-Effervescent-Flavoured-Tablets/dp/B016C7EXSO
Berocca Performance 30 Exotic Flavour Effervescent Tablets,B016C7Y6S6,£15.00,https://www.amazon.co.uk/Berocca-Performance-Flavour-Effervescent-Tablets/dp/B016C7Y6S6
Imedeen Time Perfection 60 caps - Spanish Box,B003O8YGEG,£29.00,https://www.amazon.co.uk/Imedeen-Time-Perfection-60-caps/dp/B003O8YGEG
Bioxsine Shampoo for Dry/Normal Hair – 300 ml,B005R0ISAW,£15.00,https://www.amazon.co.uk/Bioxsine-Shampoo-Dry-Normal-Hair/dp/B005R0ISAW
Medicare Sport 1-inch/ 15 Yards Single Box Zinc Oxidetape,B00KCNH6BG,£4.50,https://www.amazon.co.uk/Medicare-Sport-1-inch-Single-Oxidetape/dp/B00KCNH6BG
5 x Berocca 30 Orange Flavour Effervescent Tablets,B00LNCC868,£87.15,https://www.amazon.co.uk/Berocca-Orange-Flavour-Effervescent-Tablets/dp/B00LNCC868
Thinkkrill - Thinkkrill Joints 30 capsule,B019CH40QQ,£13.95,https://www.amazon.co.uk/Thinkkrill-Joints-30-capsule/dp/B019CH40QQ
(Pack Of 8) For Every Day Extra (Daily Wellbeing Extra) | OPTIBAC PROBIOTICS,B01A76UI1M,£405.00,https://www.amazon.co.uk/Every-Extra-Wellbeing-OPTIBAC-PROBIOTICS/dp/B01A76UI1M
BioKult 120caps,B01AR6GQEA,£27.99,https://www.amazon.co.uk/Bio-Kult-BioKult-120caps/dp/B01AR6GQEA
Bioxsine Derma Gen Forte Hair Loss Shampoo 300 ml,B078NFQKN1,£19.00,https://www.amazon.co.uk/Bioxsine-Derma-Forte-Hair-Shampoo/dp/B078NFQKN1
BioKult 120caps- 120caps,B01B69K4IQ,£28.99,https://www.amazon.co.uk/Bio-Kult-BioKult-120caps-120caps/dp/B01B69K4IQ
For Every Day (Daily Wellbeing) 30vcaps by Optibac Probiotics,B07BZZQK9H,£13.00,https://www.amazon.co.uk/Every-Wellbeing-30vcaps-Optibac-Probiotics/dp/B07BZZQK9H
Alflorex Precison Biotics Capsules - 60 Capsules,B07GGG1GHG,£104.98,https://www.amazon.co.uk/Alflorex-Precison-Biotics-Capsules-60/dp/B07GGG1GHG
Alflorex Precison Biotics Capsules - 30 Capsules,B07GGNWQTT,£54.23,https://www.amazon.co.uk/Alflorex-Precison-Biotics-Capsules-30/dp/B07GGNWQTT
MacuShield Capsules - 30,B07GGX87FT,£35.00,https://www.amazon.co.uk/Macushield-MacuShield-Capsules-30/dp/B07GGX87FT
MacuShield - 90 Capsules,B07GGY7JRH,£85.00,https://www.amazon.co.uk/Macushield-MacuShield-90-Capsules/dp/B07GGY7JRH
Listerine Total Care 500ml,B072HXLBGN,£10.00,https://www.amazon.co.uk/Listerine-11712-Total-Care-500ml/dp/B072HXLBGN
Berocca Fizzy Melts - 14 Tablets,B07GKTVSGN,£10.50,https://www.amazon.co.uk/Berocca-Fizzy-Melts-14-Tablets/dp/B07GKTVSGN
(12 PACK) - Floradix - Floradix Liquid Iron Formula | 500ml | 12 PACK BUNDLE,B015G5G5DO,£172.30,https://www.amazon.co.uk/12-PACK-Floradix-Liquid-Formula/dp/B015G5G5DO
"Thinkkrill - Joints. Krill Oil and Vitamin C, Super Potent Omega-3. 30 One-A-Day Capsules",B00CKN1E4Q,£19.50,https://www.amazon.co.uk/Thinkkrill-Omega-3-One-Day-Capsules/dp/B00CKN1E4Q
(3 PACK) - Macushield Macushield Capsules | 90s | 3 PACK - SUPER SAVER - SAVE MONEY,B012TSRTP4,£92.84,https://www.amazon.co.uk/PACK-Macushield-Capsules-SUPER-SAVER/dp/B012TSRTP4
CB12 White 250ml,B06WWNS6L6,£13.99,https://www.amazon.co.uk/CB12-3401560271959-White-250ml/dp/B06WWNS6L6
Vaseline Petroleum Jelly 250ml (146823),B00R2V8GU6,£9.08,https://www.amazon.co.uk/Vaseline-Petroleum-Jelly-250ml-146823/dp/B00R2V8GU6
(4 PACK) - Macushield - MacuShield Capsules MCU-MCU1090 | 90's | 4 PACK BUNDLE,B015G5H3X0,£137.03,https://www.amazon.co.uk/PACK-Macushield-MacuShield-Capsules-MCU-MCU1090/dp/B015G5H3X0
Berocca Effervescent Orange Tablets 30 per pack,B01CZ5D6EY,£14.89,https://www.amazon.co.uk/Berocca-Effervescent-Orange-Tablets-pack/dp/B01CZ5D6EY
"Bioxsine Plant-based shampoo, anti-hair loss for greasy hair 300 ml",B00ELV5YVY,£16.08,https://www.amazon.co.uk/Bioxsine-Plant-based-shampoo-anti-hair-greasy/dp/B00ELV5YVY
OptiBac Probiotics For Every Day 60 per pack,B01IR7E9QI,£24.99,https://www.amazon.co.uk/OptiBac-Probiotics-Every-Day-pack/dp/B01IR7E9QI
3 x Nicotinell Mint 2mg Compressed Lozenge Extra Strength 96 Lozenges,B00LNCBSH8,£33.93,https://www.amazon.co.uk/Nicotinell-Compressed-Lozenge-Strength-Lozenges/dp/B00LNCBSH8
(3 PACK) - Rescue - Remedy Dropper | 10ml | 3 PACK BUNDLE,B010DR8I58,£19.21,https://www.amazon.co.uk/PACK-Rescue-Remedy-Dropper-BUNDLE/dp/B010DR8I58
(10 PACK) - Floradix - Floradix Liquid Iron Formula | 500ml | 10 PACK BUNDLE,B016IWJYUA,£146.70,https://www.amazon.co.uk/10-PACK-Floradix-Liquid-Formula/dp/B016IWJYUA
Wilkinson Quattro for Women Sensitive Razor Blades (2 x 3 Packs),B00KM5VU02,£9.78,https://www.amazon.co.uk/Wilkinson-Quattro-Women-Sensitive-Blades/dp/B00KM5VU02
Infacol Oral Suspension 40mg/ ml,B00WIKVTBY,£7.94,https://www.amazon.co.uk/Infacol-Oral-Suspension-40mg-ml/dp/B00WIKVTBY
"Johnson's Baby Oil, 300 ml",B005LM09QM,£2.97,https://www.amazon.co.uk/Johnsons-Baby-Oil-300-ml/dp/B005LM09QM
"Ocusoft Baby Eyelid and Eyelash Cleanser, Pre-Moistened Towelette, 20 Count",B00A48VH2S,£11.80,https://www.amazon.co.uk/Ocusoft-Baby-Cleanser-Pre-Moistened-Towelette/dp/B00A48VH2S
"Durex Thin Feel Condom, Pack of 3, 18-Piece",B00WUDGQKS,£8.80,https://www.amazon.co.uk/Durex-Thin-Feel-Condom-18-Piece/dp/B00WUDGQKS
CB12 Mild Mint Menthol Mouthwash (250ml) - Pack of 2,B011ILWRV4,£13.00,https://www.amazon.co.uk/CB12-Mild-Menthol-Mouthwash-250ml/dp/B011ILWRV4
Macushield Capsules - 90caps,B015G5E6EY,£29.49,https://www.amazon.co.uk/Macushield-Capsules-90caps/dp/B015G5E6EY
Viviscal 2 PACK 6 Month Supply (360 tablets) Maximum Strength Hair Growth Supplements,B00WZSZODS,£189.99,https://www.amazon.co.uk/Viviscal-tablets-Maximum-Strength-Supplements/dp/B00WZSZODS
Durex Extended Pleasure Condoms (6),B00PCAJN10,£6.55,https://www.amazon.co.uk/Durex-Extended-Pleasure-Condoms-6/dp/B00PCAJN10
(4 PACK) - Floradix - Floradix Liquid Iron Formula | 500ml | 4 PACK BUNDLE,B00V6HR5MC,£62.20,https://www.amazon.co.uk/PACK-Floradix-Liquid-Formula-BUNDLE/dp/B00V6HR5MC
Men Expert Vita Lift 5 - Anti-Age Cream,B00ID50NOM,£11.75,https://www.amazon.co.uk/Men-Expert-Vita-Lift-Anti-Age/dp/B00ID50NOM
"Vichy Capital Sun Milk for Children SPF 50, 300 ml",B00D3HWMPS,£21.43,https://www.amazon.co.uk/Vichy-Capital-Sun-Milk-Children/dp/B00D3HWMPS
La Roche-Posay Anthelios XL Comfort Cream SPF 50+ 50ml,B00BJMHBW8,£19.00,https://www.amazon.co.uk/Roche-Posay-Anthelios-Comfort-Cream-50ml/dp/B00BJMHBW8
Bioderma Sensibio Forte Cream 40 Ml,B00GFJFU5U,£14.13,https://www.amazon.co.uk/Bioderma-Sensibio-Forte-Cream-40/dp/B00GFJFU5U
Regaine For Men Hair Regrowth Foam 73 ml,B0105ZUU90,£36.89,https://www.amazon.co.uk/Regaine-Men-Hair-Regrowth-Foam/dp/B0105ZUU90
Medicare Sport 2-inch/15 Yards Single Box Zinc Oxidetape,B00KCNH65W,£12.74,https://www.amazon.co.uk/Medicare-Sport-2-inch-Single-Oxidetape/dp/B00KCNH65W
Tiger Balm Red 19g - Non greasy pain relief solution,100 Grams,£3.96,https://www.amazon.co.uk/Tiger-Balm-Red-19g-solution/dp/B0013G4AGK
Vichy Ideal Soleil Fresh Water Sun Protection Spf30 Luminous Tan 200ml,B07B4VSKF2,£22.59,https://www.amazon.co.uk/Vichy-Ideal-Soleil-Protection-Luminous/dp/B07B4VSKF2
Driclor Roll On Applicator 20ml x 3 bottles,B00N008XLU,£19.99,https://www.amazon.co.uk/Driclor-Roll-Applicator-20ml-bottles/dp/B00N008XLU
MACUSHIELD EYE HEALTH SUPPORT 180 CAPS 6 MONTHS SOFTGEL,B009DH0JHA,£58.67,https://www.amazon.co.uk/MACUSHIELD-HEALTH-SUPPORT-MONTHS-SOFTGEL/dp/B009DH0JHA
"QuickMist Mouth Spray Duo Pack, Fresh Mint, 1 mg Nicorette (UK Version)",B07BBQRN6K,£25.93,https://www.amazon.co.uk/QuickMist-Mouth-Spray-Nicorette-Version/dp/B07BBQRN6K
Bioderma Sébium AKN Corrective Care 30ml,B0052EOHM6,£11.63,https://www.amazon.co.uk/Bioderma-S%C3%A9bium-Corrective-Care-30ml/dp/B0052EOHM6
"Alflorex Precision Biotics Straws for Kids, Pack of 30 Straws",B01EJM5HMU,£26.95,https://www.amazon.co.uk/Alflorex-Precision-Biotics-Straws-Kids/dp/B01EJM5HMU
"Listerine Antibacterial Mouthwash Coolmint, 500ml",100 ml,£5.63,https://www.amazon.co.uk/Listerine-Antibacterial-Mouthwash-Coolmint-500ml/dp/B000KUAKRS
CB12 boost Eucalyptus White 10 pack by CB12,B01JH0FZD0,£19.99,https://www.amazon.co.uk/CB12-boost-Eucalyptus-White-pack/dp/B01JH0FZD0
Viviscal Woman Maximum Strength 2 Packs of 60caps,B00GA9WNQO,£83.99,https://www.amazon.co.uk/Viviscal-Woman-Maximum-Strength-60caps/dp/B00GA9WNQO
CB12 250ML 6 PACK Mint / Menthol Mouthwash,B00IECHKAY,£31.17,https://www.amazon.co.uk/CB12-250ML-PACK-Menthol-Mouthwash/dp/B00IECHKAY
"Fybogel Hi-Fibre Orange Sachets, 10 Sachets",100 Grams,£2.99,https://www.amazon.co.uk/Fybogel-Hi-Fibre-Orange-Sachets-10/dp/B001RYNMTO
Regaine Men Foam 5% 60g,B00WIQYR7G,£29.24,https://www.amazon.co.uk/Regaine-Men-Foam-5-60g/dp/B00WIQYR7G
TRESemmé Perfectly Undone Weightless Silicone-Free Shampoo 500 ml - Pack of 6,B01FDSUTAY,£29.89,https://www.amazon.co.uk/TRESemm%C3%A9-Perfectly-Weightless-Silicone-Free-Shampoo/dp/B01FDSUTAY
L'Oréal Studio Pro Lock It Ultra Strength Hairspray 400ml,B019ORE014,£9.99,https://www.amazon.co.uk/LOr%C3%A9al-Studio-Ultra-Strength-Hairspray/dp/B019ORE014
2 Pack x Night Spray (20ml) - Rescue,B00NVUSLKW,£15.99,https://www.amazon.co.uk/Pack-Night-Spray-20ml-Rescue/dp/B00NVUSLKW
Propolis Capsules 30 x 1000mg,B0013G335O,£6.42,https://www.amazon.co.uk/Propolis-Capsules-30-x-1000mg/dp/B0013G335O
Viviscal - Dark Brown Hair Fibers with Applicator for Men,B01CAQYM82,£19.99,https://www.amazon.co.uk/Viviscal-Dark-Brown-Fibers-Applicator/dp/B01CAQYM82
Aveeno Ultra-calming Anti Redness Cream SPF20 50ml,B01MZ8KV4D,£12.60,https://www.amazon.co.uk/Aveeno-Ultra-calming-Redness-Cream-SPF20/dp/B01MZ8KV4D
"Flexiseq Active Joint Lubrication Therapy Gel, 50 g",B01FY1HPCU,£12.80,https://www.amazon.co.uk/Flexiseq-Active-Joint-Lubrication-Therapy/dp/B01FY1HPCU
CB12 Toothpaste Strong Mint 100ml,B00WWU7OW8,£7.00,https://www.amazon.co.uk/CB12-Toothpaste-Strong-Mint-100ml/dp/B00WWU7OW8
Vitabiotics Pregnacare Original - 30 Tablets,100 Grams,£3.99,https://www.amazon.co.uk/Vitabiotics-Pregnacare-Original-30-Tablets/dp/B000LNHBCG
Joint Complex - 30 Day Supply,9 Grams,£37.85,https://www.amazon.co.uk/Joint-Complex-30-Day-Supply/dp/B00TSHDAV2
Tiger Balm | White - Regular | 1 x 19g,100 Grams,£4.39,https://www.amazon.co.uk/Tiger-Balm-White-Regular-19g/dp/B0013G4AG0
"Nicotinell Stop Smoking Aid Nicotine Gum, 4 mg, Fruit, 96 Pieces",100 Grams,£7.99,https://www.amazon.co.uk/Nicotinell-Smoking-Nicotine-Fruit-Pieces/dp/B001DZELA6
Regaine Men Foam 5% 60g,B01K9W4A90,£31.08,https://www.amazon.co.uk/Regaine-Men-Foam-5-60g/dp/B01K9W4A90
6 x Eucryl Smokers Tooth Powder Original 50g,B0082M04FO,£7.99,https://www.amazon.co.uk/Eucryl-Smokers-Tooth-Powder-Original/dp/B0082M04FO
Garnier Soothing 2 in 1 Eye Makeup Remover 200ml,100 Grams,£4.56,https://www.amazon.co.uk/Garnier-Soothing-Makeup-Remover-200ml/dp/B004LRT3KG
4 x Driclor Roll On Applicator Solution 20ml,B00QMGZ7KE,£18.87,https://www.amazon.co.uk/Driclor-Roll-Applicator-Solution-20ml/dp/B00QMGZ7KE
bioderma sebium pore refiner 30ml,B00940L86C,£11.98,https://www.amazon.co.uk/bioderma-sebium-pore-refiner-30ml/dp/B00940L86C
"WaterWipes Baby Wipes Sensitive Skin, (60 wipes)",100 Grams,£4.93,https://www.amazon.co.uk/WaterWipes-Baby-Wipes-Sensitive-wipes/dp/B00AQDW96E
Macushield 90 Twin Saver Pack,B07B68XRC8,£55.00,https://www.amazon.co.uk/Macushield-90-Twin-Saver-Pack/dp/B07B68XRC8
RESUE Cream 50ml, For external use only. ,£5.70,https://www.amazon.co.uk/Nelsons-Rescue-Remedy-2001653-RESUE/dp/B000NHTHMC
Bioderma Sensibio H2O Solution Micellaire 250ml,B003PAXM0W,£7.35,https://www.amazon.co.uk/Bioderma-Sensibio-Solution-Micellaire-250ml/dp/B003PAXM0W
Driclor Antiperspirant 20ml,B00LVUX3RK,£7.49,https://www.amazon.co.uk/Driclor-2683985-Antiperspirant-20ml/dp/B00LVUX3RK
"Savlon Advanced Healing Gel, 50 g",B001DYR15O,£5.70,https://www.amazon.co.uk/Savlon-Advanced-Healing-Gel-50/dp/B001DYR15O
CB12 White Mouthwash 500ml (2),B01M08FNMM,£23.64,https://www.amazon.co.uk/CB12-White-Mouthwash-500ml-2/dp/B01M08FNMM
Neutrogena T/Gel Shampoo for Sensitive Scalp 125 ml,B00594KJAI,£4.99,https://www.amazon.co.uk/Neutrogena-Gel-Shampoo-Sensitive-Scalp/dp/B00594KJAI
IMEDEEN Hair and Nails,B00M9YNZC0,£18.82,https://www.amazon.co.uk/Imedeen-F000014609-IMEDEEN-Hair-Nails/dp/B00M9YNZC0
CB12 250ML 2 PACK Mint / Menthol Mouthwash...,B00IEHW2LQ,£13.45,https://www.amazon.co.uk/CB12-250ML-PACK-Menthol-Mouthwash/dp/B00IEHW2LQ
Floradix Floravital Liquid Iron Formula 500 ML,B074M3ZQ56,£16.47,https://www.amazon.co.uk/Floradix-Floravital-Liquid-Iron-Formula/dp/B074M3ZQ56
RESCUE Remedy Dropper 10ml," Keep in a cool, dry place. ",£5.68,https://www.amazon.co.uk/Nelsons-Rescue-Remedy-2001782-Dropper/dp/B000YIA1B6
"Well Patch Deep Freeze Cold Patches Cooling Therapy for Sprains, Strains & Muscle Pain - 4",100 Grams,£4.85,https://www.amazon.co.uk/Deep-Patches-Cooling-Therapy-Sprains/dp/B0015X55Z6
"XLS Medical Berry Flavour Fat Binder Direct Weight Loss Aid - 10 Day Trial Pack, 30 Sachets",100 Grams,£15.42,https://www.amazon.co.uk/XLS-Medical-Flavour-Binder-Direct/dp/B00KGVY0IG
Viviscal Maximum Strength Hair Growth Supplements 1 Month Supply (60 tabs),B002JPJ2ZS,£36.76,https://www.amazon.co.uk/Viviscal-Maximum-Strength-Growth-Supplements/dp/B002JPJ2ZS
"Conceive Plus Fertility Lubricant, Pre-filled Applicators 8x4gm",B004GHALRK,£17.25,https://www.amazon.co.uk/Conceive-Plus-Fertility-Pre-filled-Applicators/dp/B004GHALRK
"CB12 Spray, 15 ml",B01MR5UYX6,£2.59,https://www.amazon.co.uk/CB12-4027884-Spray-15-ml/dp/B01MR5UYX6
"Corsodyl Daily Gum Care Mouthwash with Fluoride, 500 ml, Cool Mint",100 Grams,£6.45,https://www.amazon.co.uk/Corsodyl-Daily-Care-Mouthwash-Fluoride/dp/B008SSY40I
"Conceive Plus Fertility Lubricant, Pre-filled Applicators 3x4gm",B004GHEK7W,£8.86,https://www.amazon.co.uk/Conceive-Plus-Fertility-Pre-filled-Applicators/dp/B004GHEK7W
"ThermaCare Advanced Neck Pain Therapy (3 Count) Heatwraps, Up to 16 Hours Pain Relief, Neck, Wrist, Shoulder Use, Temporary Relief of Muscular, Joint Pains",100 Grams,£5.32,https://www.amazon.co.uk/ThermaCare-Advanced-Heatwraps-Shoulder-Temporary/dp/B000LNEBOC
"Conceive Plus Women’s Fertility Support, 60 caps 30 day supply",B0734SDKV5,£14.41,https://www.amazon.co.uk/Conceive-Plus-Womens-Fertility-Support/dp/B0734SDKV5
"Optrex 2-in-1 ActiMist Itchy and Watery Eye Spray, 10 ml",100 Grams,£11.15,https://www.amazon.co.uk/Optrex-ActiMist-Itchy-Watery-Spray/dp/B00BG69102
Pharmaton Vitality - 100 capsules - Ginseng G115 - Enhances mental and physical capacity,100 Grams,£17.40,https://www.amazon.co.uk/Pharmaton-Vitality-capsules-Enhances-physical/dp/B000LNEB10
Snoreeze Throat Spray 23.5ml,100 Grams,£8.99,https://www.amazon.co.uk/Snoreeze-W2031-Throat-Spray-23-5ml/dp/B000LNHB4Y
"Vaseline Original Pure Petroleum Jelly, 250ml",B0042280CM,£4.03,https://www.amazon.co.uk/Vaseline-Original-Petroleum-Jelly-250ml/dp/B0042280CM
THREE PACKS of Calpol Vapour Plug In Refills 5 Refills,B019FI844G,£14.09,https://www.amazon.co.uk/THREE-PACKS-Calpol-Vapour-Refills/dp/B019FI844G
"E45 Dermatological Emollient Bath Oil, 500 ml",100 Grams,£7.52,https://www.amazon.co.uk/E45-Dermatological-Emollient-Bath-Oil/dp/B002J9DEZ8
OptiBac Probiotics For every day – Pack of 30 Capsules,100 Grams,£10.39,https://www.amazon.co.uk/OptiBac-Probiotics-every-day-Capsules/dp/B004WYUUKA
Plantur 39 250ml Phyto-Caffiene Shampoo for Coloured and Stressed Hair,B00FKUGQZS,£9.00,https://www.amazon.co.uk/Plantur-Phyto-Caffiene-Shampoo-Coloured-Stressed/dp/B00FKUGQZS
"Alflorex® by PrecisionBiotics® | 30 Capsules (4 weeks supply) | Shown to reduce bloating, abdominal pain and unpredictable bowel movements.",B013PC4UI2,£24.95,https://www.amazon.co.uk/Alflorex%C2%AE-PrecisionBiotics%C2%AE-abdominal-unpredictable-movements/dp/B013PC4UI2
Viviscal - Maximum Strength Hair Growth Supplements (3 Month Supply) 180 tablets,B0047SW6EE,£76.90,https://www.amazon.co.uk/Viviscal-Maximum-Strength-Supplements-tablets/dp/B0047SW6EE
Nourkrin Woman 180 Tablets (3 Month Supply),B00A7QSDLK,£63.67,https://www.amazon.co.uk/Nourkrin-Woman-Tablets-Month-Supply/dp/B00A7QSDLK
Vitabiotics Perfectil Original - 30 Tablets,100 Grams,£4.80,https://www.amazon.co.uk/Vitabiotics-Perfectil-Original-30-Tablets/dp/B0022YWF5K
"ThermaCare Advanced Back Pain Therapy (2 Count) Heatwraps, Up to 16 Hours Pain Relief, Lower Back, Hip Use, Temporary Relief of Muscular, Joint Pains",100 Grams,£4.50,https://www.amazon.co.uk/ThermaCare-Advanced-Heatwraps-Temporary-Muscular/dp/B002EIQOOW
"Kelo-Cote Advanced Formula Scar Gel, 15 g",B004Q1QKGW,£19.99,https://www.amazon.co.uk/Kelo-Cote-Advanced-Formula-Scar-Gel/dp/B004Q1QKGW
"Conceive Plus Fertility Lubricant, Tube 75ml",B002V0ZJ4Y,£17.91,https://www.amazon.co.uk/Conceive-Plus-Fertility-Lubricant-Tube/dp/B002V0ZJ4Y
"Huggies Pure Baby Wipes, 18 Packs (1008 Wipes Total)",B0111AIZ68,£17.98,https://www.amazon.co.uk/Huggies-Pure-Wipes-Packs-Total/dp/B0111AIZ68
Bio-Kult Advanced Multi-Strain Formula - 120 Capsules,B004SGO4DG,£25.49,https://www.amazon.co.uk/Bio-Kult-Advanced-Multi-Strain-Formula-Capsules/dp/B004SGO4DG
"Hibiscrub Health Care, 500 ml",B001AV4C20,£7.75,https://www.amazon.co.uk/Hibiscrub-Health-Care-500-ml/dp/B001AV4C20
"XLS Medical Max Strength Diet Pills for Weight Loss, Pack of 40",B00UL4M1HU,£17.70,https://www.amazon.co.uk/XLS-Medical-Strength-Pills-Weight/dp/B00UL4M1HU
Macushield Capsules - (Pack of 90),B003C6RR1E,£27.64,https://www.amazon.co.uk/Macushield-Capsules-Pack-of-90/dp/B003C6RR1E
"Pregnacare Vitabiotics Breast-Feeding, 84 Tablets",100 Grams,£10.95,https://www.amazon.co.uk/Pregnacare-Vitabiotics-Breast-Feeding-84-Tablets/dp/B001FFH4E4
"Clearblue Pregnancy Test with Weeks Indicator, Kit of 2 Digital Tests",100 Grams,£11.20,https://www.amazon.co.uk/Clearblue-Pregnancy-Weeks-Indicator-Digital/dp/B00Q4MQDP4
"Regaine For Men Hair Regrowth Foam, 73 ml - Triple Pack",B0155N6RYE,£44.99,https://www.amazon.co.uk/Regaine-Men-Hair-Regrowth-Foam/dp/B0155N6RYE
Bio-Oil Specialist Skincare Oil - 200 ml (Packaging may vary),100 Grams,£14.45,https://www.amazon.co.uk/Bio-Oil-Specialist-Skincare-Oil-Packaging/dp/B00129XP8M
